Minute of the Day,Control Expression Level,Treatment Expression Level
0,10.496714153011233,10.662881268667412
1,9.861735698828815,11.195305564720613
2,10.647688538100692,10.22468455695216
3,11.523029856408025,8.768661508869469
4,9.765846625276664,10.487010618520197
5,9.76586304305082,9.457793318108834
6,11.579212815507391,9.602358994332116
7,10.767434729152908,10.739162661963176
8,9.530525614065049,11.412901768657441
9,10.542560043585965,10.217706998865152
10,9.536582307187537,10.527081414586416
11,9.534270246429744,11.942272165569047
12,10.241962271566035,10.502614642670977
13,8.086719755342202,12.885343827215143
14,8.275082167486968,10.870964200519055
15,9.437712470759028,8.56647981408466
16,8.987168879665576,11.10236597380899
17,10.314247332595274,10.751957862891985
18,9.091975924478788,11.682320288094086
19,8.587696298664708,11.087509456972207
20,11.465648768921554,10.29762479423224
21,9.774223699513465,9.233526900547945
22,10.067528204687925,10.270537509723301
23,8.575251813786544,9.650766800132352
24,9.455617275474818,9.942480734813463
25,10.110922589709865,11.133289548225644
26,8.849006422577697,12.236312222409806
27,10.375698018345672,10.98276502355546
28,9.399361310081195,9.413884995352154
29,9.708306250206723,11.076033664016945
30,9.398293387770604,11.84971338260199
31,11.852278184508938,10.064937440771532
32,9.986502775262066,10.562328763989962
33,8.9422890710441,10.732646435109027
34,10.822544912103188,9.954658549120225
35,8.779156350028977,11.409421818196302
36,10.208863595004756,10.661763246712454
37,8.040329876120225,11.223798927779997
38,8.67181395110157,9.938314061260165
39,10.196861235869124,10.409871949908666
40,10.73846657999541,11.591219464854289
41,10.17136828118997,10.517496247305917
42,9.884351717611759,12.638767568846882
43,9.698896304410711,10.533624466650803
44,8.521478009632572,11.179384520028286
45,9.280155791605292,11.908711566781697
46,9.539361229040212,9.57915733283815
47,11.057122226218915,9.258097566847301
48,10.343618289568461,9.514613951835726
49,8.236959844637266,12.324198424628468
50,10.324083969394795,10.531079990397014
51,9.614917719583683,13.662440590799452
52,9.323077999694041,10.5612758229236
53,10.611676288840869,11.3313353830917
54,11.03099952249595,12.710132827305046
55,10.931280119116199,13.195332289349405
56,9.160782476777362,13.271936831396712
57,9.690787624148786,12.439970261978988
58,10.331263431403563,12.27681385325688
59,10.97554512712236,11.866401688966409
60,9.52082576215471,12.073334941793453
61,9.814341023336183,10.764862586446213
62,8.893665025993972,10.51889876600197
63,8.80379337591933,11.35474704685806
64,10.812525822394198,11.208934843963632
65,11.356240028570824,10.946863086428898
66,9.927989878419666,12.117423559703097
67,11.003532897892024,12.397259205213118
68,10.361636025047634,11.551251276436636
69,9.354880245394876,12.961236975532241
70,10.361395605508413,10.362851997761435
71,11.53803656646597,11.331687185914003
72,9.964173960890049,10.829300777112433
73,11.564643655814006,9.70033345628277
74,7.380254895910255,11.504906490731116
75,10.821902504375224,11.48652650401375
76,10.08704706823817,13.142379929672497
77,9.700992649534133,12.280366989418045
78,10.091760776535502,10.645962150148065
79,8.012431085399108,13.544803368987658
80,9.780328112162488,12.932274092905384
81,10.357112571511747,12.313835070728262
82,11.477894044741516,11.525717222667163
83,9.481729781726353,10.813192633282732
84,9.191506397106812,11.42082184714725
85,9.498242956415464,12.902139811992775
86,10.915402117702074,13.718305494938722
87,10.328751109659684,13.397255754083222
88,9.470239796232962,11.385420494035754
89,10.513267433113356,10.774874439534646
90,10.09707754934804,12.055563958194941
91,10.968644990532889,10.166387680795829
92,9.297946906122647,12.278107208085624
93,9.672337853402231,11.827412084167165
94,9.607891846867842,11.5290156914516
95,8.536485051867881,10.420348613180128
96,10.296120277064576,12.548612857126002
97,10.26105527217989,11.522234183427647
98,10.00511345664246,10.904901282517761
99,9.765412866624853,9.22239944361833
100,8.584629257949587,12.086950355737086
101,9.57935467723464,13.906480149004746
102,9.657285483473231,13.815210369301976
103,9.19772273077838,11.71653643544678
104,9.83871428833399,11.591060728580995
105,10.40405085681454,12.681645327119291
106,11.88618590121053,11.234041725507428
107,10.174577812831838,12.553732596879115
108,10.257550390722765,13.037491574494696
109,9.925554084233832,13.517771814523575
110,8.081228784700958,12.210068133785553
111,9.973486124550783,12.125888035262495
112,10.060230209941027,11.47087436069502
113,12.463242112485286,11.541226974399196
114,9.807639035218877,12.16083366949129
115,10.301547342333613,12.773837786980733
116,9.965288230294757,13.339170745706934
117,8.831321962380468,11.64147476423397
118,11.142822814515021,13.956363271921717
119,10.751933032686773,12.211525119939077
120,10.791031947043047,12.480208112884036
121,9.09061254520526,11.773242721729037
122,11.402794310936098,10.11504508171332
123,8.59814893720772,13.442113267909296
124,10.58685709380027,13.313645528565784
125,12.190455625809978,12.314158707483697
126,9.00946367486931,12.681112131935734
127,9.433702270397228,13.148645944224635
128,10.099651365087642,11.08869598881489
129,9.4965243458838,12.140673741534686
130,8.449336568933868,13.482424773272086
131,10.068562974806028,11.452253095401488
132,8.937696286273894,13.01843127534759
133,10.47359243063518,11.386570413379827
134,9.080575765766197,13.227808776983812
135,11.54993440501754,12.743911243034436
136,9.216746707663763,11.182541847956113
137,9.677938483794325,13.980480619120362
138,10.81351721736967,12.099163606479244
139,8.769135683566045,12.041462639253682
140,10.227459934604129,13.070189798460568
141,11.307142754282427,14.036108766221354
142,8.392516765438772,11.889445363652397
143,10.184633858532305,12.984687409315281
144,10.259882794248423,13.369508709411969
145,10.78182287177731,13.651426401577845
146,8.763049289121918,13.152334534354974
147,8.679543386915723,12.626380589273012
148,10.521941565616897,12.183276587569196
149,10.296984673233187,13.114411668864363
150,10.250492850345877,11.973472017420805
151,10.346448209496975,10.141545724839151
152,9.31997527842151,13.516682797215264
153,10.232253697161003,14.001225896234981
154,10.29307247329868,10.751467631755894
155,9.285648581973632,12.121718998610692
156,11.865774511144757,13.767593899170885
157,10.473832920911788,15.222865017631005
158,8.808696502797352,13.203032817487687
159,10.65655360863383,12.471045060996792
160,9.025318329772679,13.032899463593392
161,10.787084603742452,14.607358917078148
162,11.158595579007404,12.603143284666206
163,9.179317681648289,12.466478478674865
164,10.963376129244322,12.799427724576587
165,10.412780926936499,12.345280825245043
166,10.82206015999449,13.43765504816082
167,11.896792982653947,14.955975289019456
168,9.75461188399713,13.670624690780777
169,9.24626383564251,13.111376681604513
170,9.110485570374477,13.088039551269489
171,9.184189715034561,11.832716210990393
172,9.922898290585897,14.295008253272107
173,10.341151974816643,13.349987687608355
174,10.27669079933002,13.263206027947616
175,10.827183249036024,16.652588912329563
176,10.013001891877908,13.773963700686418
177,11.453534077157316,12.739082935068774
178,9.735343166762044,13.08011302818962
179,12.720169166589619,14.670446121860733
180,10.625667347765006,13.650733464432305
181,9.142842443583717,12.114580274973797
182,8.929107501938887,14.487414651919126
183,10.482472415243185,12.915301068295292
184,9.77653721467415,15.471934048058205
185,10.714000494092092,14.693806847458593
186,10.473237624573544,13.181490499574307
187,9.927171087343128,14.924813187045546
188,9.153206281931595,13.726567296824884
189,8.485152775314136,14.526330668962263
190,9.553485047932979,14.173064982208295
191,10.856398794323471,12.856680362838878
192,10.214093744130205,13.074121439921935
193,8.754261221288012,14.76219546672144
194,10.173180925851183,13.411951538774662
195,10.385317379728837,13.35749919792555
196,9.116142563798867,12.82037416571718
197,10.153725105945528,14.21337291460593
198,10.058208718446,15.866503620055108
199,8.857029702169378,12.750578115394834
200,10.357787360348283,13.856390022763406
201,10.560784526368234,15.258377597506556
202,11.083051243175277,13.780428799752265
203,11.053802052034904,14.326281543806358
204,8.622330632042909,12.82528191976864
205,9.062174960084878,14.329674126838846
206,10.51503526720866,13.727839966668716
207,10.513785950912208,14.914256790109233
208,10.515047686306048,15.129380511274926
209,13.85273149065472,16.544950612772865
210,10.570890510693166,14.548337245446577
211,11.135565640180598,14.307741826837667
212,10.954001763493203,14.189495333950692
213,10.651391251305798,13.655034094774825
214,9.684730755359654,14.359697169804734
215,10.758969220493267,13.738748190414867
216,9.227174785462427,14.215469939857254
217,9.763181393259991,15.377388705888105
218,9.514636452170896,13.065953411658644
219,10.081874139386322,15.225001702473595
220,12.314658566673508,15.414787490101562
221,8.132734807408251,13.992075054946236
222,10.686260190374513,12.000681482099804
223,8.387284128810348,13.527028596911448
224,9.528068134210567,15.444080502420238
225,11.088950596967367,14.136374201101553
226,10.064280019095463,13.172017042574533
227,8.922255222070694,13.678541838789375
228,9.284696290740031,15.035854516617032
229,10.679597748934675,14.753805806143625
230,9.269633368282863,13.979897678650193
231,10.216458589581976,13.863682473772887
232,10.045571839903813,13.850345189577093
233,9.348399652394184,13.331208731334694
234,12.143944089325325,15.88042908714906
235,10.633919022318011,13.954086096950114
236,7.974857413342393,15.504836725655718
237,10.186454314769428,15.820184150714262
238,9.338213535231612,15.308286932858536
239,10.852433334796224,13.889381488095351
240,9.207479261567299,14.735675277230346
241,9.8852635585331,14.318610377924703
242,10.504987278980456,13.449882125287509
243,10.865755194170122,14.688638268238485
244,8.799703592944224,13.195850990753055
245,9.665498764159052,15.573098558352953
246,9.525054688839043,13.931246652430065
247,9.346670767426287,14.607384578166876
248,11.765454240281096,14.699789761602032
249,10.404981710960955,14.167789683379258
250,8.739116045664955,15.023496830526248
251,10.917861947054776,13.971923156619889
252,12.122156197012632,15.328063116011164
253,11.032465260551147,13.12064017525132
254,8.480630034045987,14.602768315753785
255,9.51576592713375,16.42500127349612
256,11.266911149186623,13.495338960966954
257,9.29233053438122,13.827437616100244
258,10.443819428146229,15.028516845902164
259,10.774634053429336,14.703531116651813
260,9.073069528421916,14.883833523231736
261,9.9404746439382,15.031558217699324
262,6.758732659930928,15.186173619272667
263,8.97561235866571,15.670146282261383
264,9.74743184860684,14.979172441786572
265,8.752216818035151,14.336916359932276
266,11.632411303931635,15.259480662428238
267,8.569858622039368,16.495434393283464
268,9.559955513303017,14.471476594829818
269,10.130740577286092,13.638051141871017
270,11.441273289066116,15.72804328218022
271,8.564137848820561,14.508875516507322
272,11.16316375215496,12.464792945104003
273,10.010233061019587,15.493001565571014
274,9.018491348952049,14.118280531656247
275,10.462103474263271,14.57101554331275
276,10.199059695573471,15.00138039163145
277,9.399783122841205,14.867661954041775
278,10.06980208499002,15.39428713436996
279,9.61468640313824,14.256932673110445
280,10.113517345251248,15.21301910720293
281,10.662130674521046,14.447771292808302
282,11.586016816145353,15.45344336749382
283,8.76218450117315,15.337225402223115
284,12.133033374656266,13.793554225413423
285,8.047912200477498,15.822019894496062
286,9.848214904964417,14.20702889137477
287,10.588317206484577,15.557914267653674
288,10.280991867735032,15.123917359508615
289,9.377300480179406,16.601496614349745
290,9.791877749642724,14.546439033933202
291,9.506999065341168,14.427089360562208
292,9.410635243055788,14.763396628848513
293,10.849602097021025,14.485955345429977
294,10.357015485965047,15.595304618736597
295,9.307090404739347,13.185188273161382
296,10.899599875433251,13.753861086542015
297,10.30729952087661,13.745693552245616
298,10.81286211883896,15.769665264487365
299,10.629628841923612,16.53574036259331
300,9.171004989077927,14.72635509778792
301,9.43981895980303,14.667567820027415
302,10.747293605123263,14.911934727318158
303,10.610370265433465,16.009161577171632
304,9.979098406035853,13.92523843713755
305,10.117327383308782,15.09617633603098
306,11.277664895788424,15.838128150811052
307,9.40842861116417,15.369055146791913
308,10.547097381170039,15.06248024145949
309,9.797807347566106,15.8787894634854
310,9.78231879677278,12.179262829660146
311,11.09877685198719,15.565029109022746
312,10.82541634898803,14.237643599470584
313,10.813509636000639,13.065558618080177
314,11.30547880715433,15.411773000769461
315,10.021003841632758,16.278514403200916
316,10.681952971294963,14.771599288987014
317,9.689733243406543,15.866020705258105
318,10.324166352488442,16.529429101212735
319,9.869856945632316,16.235976236356095
320,10.096995964992718,16.56484343150825
321,10.595157025436913,15.670729619616928
322,9.181779316766528,15.007665029914754
323,12.09238727568546,13.333800808452077
324,8.993982618500297,14.693145261024085
325,8.785811387212268,14.099308116506123
326,11.158110873500068,17.116750162041956
327,10.791662693962936,14.773080072873746
328,10.624119817052154,15.075234780676855
329,10.62834550926428,15.50648502792653
330,9.987753227153085,15.001477309042624
331,9.10274562851417,16.65570659185947
332,10.075804558193726,14.34069230341334
333,9.322838288487889,15.1605406078538
334,10.97511973341775,14.225959378730188
335,9.852942618497861,13.65080954176033
336,9.174502803207488,14.361370281573786
337,9.678614158347006,14.93831508188482
338,10.412931454275624,14.548167305644755
339,9.436275447196024,14.287071305918488
340,9.177779604433569,13.57510264358849
341,10.243687211491912,14.900147385183287
342,10.244966571108723,13.480270428472966
343,9.49305682462887,15.746689571893832
344,9.528961694381676,15.07062109652713
345,10.232049937357637,13.532082479696609
346,8.551915658502676,14.681782410166566
347,8.592536225623444,14.240097436285781
348,9.281555778747563,15.312595529493702
349,9.786552848288153,16.334943442581775
350,10.310907565598004,13.120297284245666
351,11.475356216949551,15.111377351598376
352,10.85765962320202,14.837004739864453
353,9.840061470036574,15.66916860429216
354,9.98098379209731,15.211620864746655
355,8.997470635362191,14.246955318336889
356,9.98148686400761,14.680275823334902
357,9.711341361079862,14.203613698759504
358,10.322718560338089,16.07586117245244
359,9.172769056447677,15.021284838456976
360,10.519346514241173,16.901187706837867
361,11.532738913002579,14.93926471348435
362,9.891239851543142,14.29135194287994
363,10.401711722098941,13.485782179126705
364,10.690143991711112,13.195999441888086
365,9.598779528114164,13.414550412813272
366,10.224092481810416,15.265264944407132
367,10.012592400781795,15.506219964553454
368,10.097676098548831,13.415565609835769
369,9.226990216144534,15.8909607331869
370,10.024510174258943,14.511932227266918
371,10.49799829124545,15.140761921086254
372,11.451143607795041,16.605069957346892
373,10.959270826085207,15.888473876132998
374,12.153182457511557,14.721793977882475
375,9.23265243711195,14.09772732521264
376,10.872320636720678,12.835603960244821
377,10.183342005738352,14.26667076798563
378,12.189802933217672,14.773003519175953
379,9.191701714644848,13.99516887897591
380,9.160278157819224,14.849211098543874
381,9.400607354555978,15.055344655338411
382,7.876104275690193,14.75156658220843
383,9.47424497831924,14.324254899191896
384,9.240867338446302,15.140652233620303
385,10.150393786476208,15.411583501585984
386,10.34175597577716,13.876794318554115
387,11.876170839215886,16.375581620039952
388,10.950423838186051,14.863422301126876
389,9.423096344337598,14.978126648603103
390,9.101585328651643,15.664663492404095
391,10.491919171506506,15.186742749057553
392,8.679766792979358,15.90364636122766
393,11.831458765854354,15.234522620427557
394,11.179440120721287,14.331755486204058
395,9.530824347895296,15.302396530491551
396,8.286865470909122,13.793772744139778
397,11.353872374165412,15.042570469853716
398,9.885460154747381,14.897198518993646
399,11.23781631197346,14.718635399166422
400,8.405572341205634,14.794444563128698
401,9.400624977046228,13.037268990405094
402,10.005243699718184,14.366435306371322
403,10.046980593764742,15.003953585793377
404,9.549934528520756,15.066819916762599
405,10.6228499323475,13.875049672552722
406,8.932379570617405,16.164100472468558
407,9.857620514978706,14.027792213519406
408,10.1202956317119,15.858905388769177
409,10.51443883405875,15.312030459153593
410,10.71161487808889,14.233903566938157
411,8.875357908162131,16.650643509057268
412,8.465885829264378,13.676804576001787
413,11.27767682189851,15.784611517574529
414,10.33231401197959,15.860962838130831
415,9.251513463443446,14.184590823841392
416,11.551151975522522,16.242414281075828
417,10.115674634292859,14.594547950090456
418,11.179297184063827,15.127841215315632
419,10.06751848141011,15.09393028766671
420,12.060747924881987,14.693668417401817
421,11.755340842443204,15.633062096486885
422,9.751035851520927,15.609927271927472
423,10.971570950954355,13.061999480646977
424,10.645375949585148,16.108872886353936
425,11.368631557532348,13.135950246478956
426,9.035076539419896,15.824806547457168
427,10.686051459998438,15.91269222396395
428,11.058424486849589,13.688656155961803
429,8.241260513576886,14.36235267362222
430,8.816741487334225,13.660915667926508
431,7.9607678222399,14.545061805206782
432,9.730593165555442,14.445220301184426
433,10.717542255795962,15.526096246580012
434,11.502357052096029,16.049835098438617
435,10.074094780419776,16.12821044191231
436,11.628615545571291,14.16326865759229
437,8.619898541785108,14.50903477288924
438,8.296617560644846,13.027548463178551
439,9.94445230110338,13.897756782574193
440,10.384065448939307,15.661029001058782
441,9.967305251905907,16.304221177645132
442,7.932557899960123,13.446661079328704
443,9.910879960487211,14.080828045579322
444,8.695530499495147,14.639079804845897
445,10.669672548830038,14.937751030081827
446,10.366598246096848,13.840001863714333
447,9.060120213672645,15.065593295614669
448,9.486133082663306,14.159531280649604
449,8.940786478111049,14.61066839806911
450,9.937320902726828,15.163066780120582
451,10.955142320501238,14.614778646006757
452,9.014273953664457,14.16345647130253
453,10.504046515517844,14.48163084741082
454,9.46974238162756,14.494188449504993
455,9.207127167737656,14.203763769728665
456,9.892969640045441,14.30611492869724
457,8.964757677580625,16.154607323464454
458,9.446350694652818,15.107841902986205
459,8.80212210741115,14.242317751894838
460,11.964725132916389,15.225541576064229
461,10.03526355197173,14.185470445783483
462,9.300274492007414,15.683031176720709
463,10.213979910734222,14.87007935343003
464,9.887671950309171,14.38357983836283
465,9.779030400466777,14.92895811051947
466,10.614166700043425,12.90063879999192
467,10.757507710047305,13.334936000941834
468,9.469498852389473,13.25788191873999
469,9.42418175935532,14.58476860136425
470,9.724948302848356,16.16427440401725
471,7.698078835264415,16.65290895703705
472,8.484808937801448,15.049425020499434
473,11.366874267444524,14.901899399247899
474,11.644967713501284,12.589594289157898
475,9.750963960443622,13.837491614677848
476,10.576556963055767,13.581811545626401
477,10.311250154543536,13.738094275947406
478,13.078880808455239,14.180061528926547
479,11.119574911434576,13.865295344468146
480,9.872082408519233,12.347183994057197
481,9.044459559399574,15.063409458281187
482,8.393553679742428,13.23168929903923
483,10.203463635867223,14.532530247380619
484,9.243649254715697,16.356135259939805
485,8.577746290402326,13.351355568069097
486,9.353427115757473,11.729058784592018
487,8.918451996385604,13.961867028582315
488,11.687141635072564,15.337274842798617
489,10.88163975694945,16.183025853888086
490,9.992027358683382,12.98341145346842
491,11.479944138890026,14.697862599188252
492,10.077368307647617,13.723975151903069
493,9.138715798671736,14.07137961826085
494,11.523124077269657,16.80963404258703
495,10.538910043684659,12.650203678794025
496,8.962753845673543,14.394717799922118
497,9.809661321916392,14.59639649356511
498,9.124381746615242,15.202136116264654
499,8.617200269035663,14.201900935995742
500,10.92617754753164,14.399458071918996
501,11.90941664047013,13.687170712081937
502,8.601432426180859,14.335280205031852
503,10.56296923669057,13.71021745124449
504,9.349357430878174,14.66216080118114
505,9.512874616235305,13.658080725921886
506,9.40760607576113,14.391816818463248
507,9.136009230320184,13.972402432788567
508,10.048521627944828,15.11458802729622
509,9.169049883588961,13.923940541399684
510,10.270456825779839,12.189022495384346
511,9.949761890550864,15.210621626217474
512,9.76105195313359,13.02953770447268
513,9.092436337958402,13.267998520483486
514,9.423228669431667,13.312523650327007
515,10.755391225825756,15.268968613122158
516,10.500917187624381,11.745127632218122
517,9.022444755201448,17.004747718504486
518,10.099332305429225,14.909179608108545
519,10.751387123371789,14.062411867473672
520,8.33059471887863,13.77025591308847
521,10.543360192379936,14.09660802233053
522,9.337376241054153,14.3180077517682
523,10.57059866859316,14.427859897528002
524,9.236740843457483,14.323935649548865
525,8.19511789933548,13.843526893426725
526,8.372457562116837,13.54215125139868
527,10.048084946661382,13.573688554109856
528,10.259722501721482,13.515454706964443
529,9.095683374895591,14.829463495561843
530,10.638592458777374,14.274510073853317
531,8.33847993773104,10.725754492305294
532,9.933920201352683,14.307163783773248
533,8.788983800237544,13.83104947080288
534,9.34816389219784,13.602585462062573
535,10.047398671316413,13.217687667766466
536,9.139586634716048,14.715161990765772
537,9.615444455770175,14.523350419370324
538,11.00629280921444,12.787652802705908
539,9.423108130476852,13.952221389321203
540,10.835692112065141,12.558083410572555
541,8.870293145342382,12.134625728645618
542,10.529804177915283,12.871963418005302
543,11.4415686206579,14.345444161692578
544,7.528355499872711,14.420479376939795
545,9.203104744529524,13.964677288705735
546,10.57707212718054,14.160859387803825
547,9.796954613957007,13.936048117487193
548,10.371145873371308,12.762429264649908
549,9.396014813284179,13.819809538389865
550,10.0865897874729,14.172208062624577
551,9.84432276460792,14.109937127456226
552,11.167782061659807,14.528342453880276
553,10.254420843301213,14.031452548059049
554,10.337602662075202,13.658253170927223
555,9.588123033877533,14.360548419898848
556,9.512393775927507,13.247407408995029
557,9.567441812180379,12.37552208613467
558,10.394452142378297,13.07773574017528
559,9.579015519179737,12.479244240073337
560,10.289774856896413,12.532251322213892
561,12.07540079864544,13.046132489044558
562,10.871124703431692,12.381391971476619
563,9.673976467832158,12.848950586739857
564,11.201213922163944,11.246337486707953
565,9.591924626978448,13.336226035040218
566,7.961875464822146,13.107058438241213
567,8.991913689082596,12.271625753847246
568,8.129208078974145,13.730762588956509
569,9.648486515958691,13.9918310352017
570,10.018418379189551,11.429386780686142
571,11.676437312275283,12.256849714494534
572,10.326927373764162,12.23300242300531
573,9.780899471191136,12.044754715439945
574,10.829405581183488,13.796588799650422
575,7.788864690992115,12.755687392003562
576,10.235614558108566,12.667342029963919
577,10.770865193886968,10.910281951431129
578,8.52141375422016,13.531794232366025
579,11.143754043206929,11.639294474127396
580,10.338496407494414,12.920607286378779
581,9.584712086099199,13.120118842358373
582,10.632781866106285,14.18541355157113
583,12.270692857804395,11.49789375391193
584,10.181866255058495,9.769107684423458
585,10.248220586300336,12.954321907094485
586,9.540639100459757,14.5527832468136
587,9.150155630535208,13.972965649058775
588,10.830335816544245,12.925373818054746
589,9.143916174091133,12.20572154863637
590,10.071566237219393,13.486072237191943
591,9.522342553234884,11.686944272885128
592,10.478979825746391,13.118338351654096
593,10.333662105286948,13.12889048173768
594,11.0375399442579,13.665019954759888
595,9.489983601145253,15.345810150084251
596,9.730125064706629,12.959856837238528
597,9.021236284217693,12.039719054905486
598,9.555706739923888,12.504301588266271
599,10.377300493044853,10.741944983258282
600,10.756988616645351,11.797404872062671
601,9.077834675822375,12.063885167742201
602,10.869605920105661,11.930081659613393
603,11.35563785880495,12.587480592452296
604,10.4134349032237,11.593615025165697
605,11.876795812558067,13.517928800226368
606,9.226210800896427,12.377922676242871
607,8.755345296688583,12.349187437392944
608,8.221279751095722,12.011320224589188
609,11.496044311489182,12.475088210332109
610,10.654365656354058,13.125634147599326
611,9.944415329089544,11.414000163897178
612,10.279968626319821,11.603564897393506
613,8.874510952701623,11.93846324553269
614,12.445751979616826,10.87678349127431
615,10.129221181975227,11.383819320494434
616,10.109394794604892,11.70723707041045
617,10.725766623898693,13.038186260719078
618,10.481009231736714,12.406656292206515
619,10.223884024279132,12.317941880538795
620,9.209525544554689,12.955466436475044
621,10.471468357135995,11.94737306738555
622,11.882024496475033,12.45534634147162
623,11.345420046154977,11.941757007343528
624,11.593186626639397,12.290399390830597
625,9.488784323568815,11.422298057585422
626,9.010395179741419,9.546221004223188
627,9.874213079900352,11.830702602806783
628,10.055724912288694,13.367636041153144
629,11.094191518470948,12.85097236801157
630,8.30753537028518,12.869986815531512
631,11.529550319460613,13.120516106867045
632,9.841992101421011,11.95280310428168
633,9.57311893005258,12.04118580899791
634,8.987895624739833,11.205907640993999
635,8.345143328134231,11.487141349022794
636,10.823170583961915,12.39860564511227
637,10.073317967188403,12.966305233010761
638,8.710039100258946,11.602527220059061
639,8.704921227936383,11.271303720012419
640,9.664215300709872,11.701507612531378
641,11.669021525289393,12.281640642189267
642,9.740408648636395,10.21600127919191
643,8.496857046881894,9.343065699049752
644,9.754256935914055,11.0680691072728
645,9.72727643025233,10.377221976658921
646,7.303113357058429,11.069092186069536
647,9.945705133482187,11.408719976062795
648,9.769065469791322,11.082490122298186
649,10.696206364813419,12.96741502333401
650,11.848956094945345,11.820872328490598
651,11.126565029547757,11.773753512939527
652,9.73111130944517,12.074609798703476
653,8.89347409125833,10.292665348112674
654,12.573359803249861,12.449678772988026
655,10.059218434014488,11.31384432620683
656,10.013929291912946,12.039104364230228
657,9.975874912889998,10.275755555344844
658,10.198084760767856,9.7728173714887
659,9.855639588076057,12.123403853437686
660,9.426337993119764,11.660836889752721
661,9.453141058759607,10.361264489895946
662,9.967246729784002,10.372517558420627
663,9.456575228866235,12.346456337342657
664,9.287154217322836,10.010427294482415
665,10.106430227691897,12.821306900059263
666,9.745022782579145,10.256785500919193
667,11.503992988582688,11.774548383956342
668,7.349030191606988,10.786266544524613
669,11.091506851922462,11.69677975796689
670,11.24608519249763,10.528164782012425
671,7.9266097675918505,10.88815189227081
672,9.657312405919651,11.07050995166278
673,9.628559134004208,10.006029669232047
674,8.59248830528218,11.727648597491884
675,9.222183312409125,10.45219899882592
676,8.889424154534172,10.71538255756516
677,11.752270443423622,9.928185008851589
678,10.93567839314746,8.3387350470754
679,11.27155509499416,10.68855808678059
680,10.721672064043235,13.270701645174437
681,8.87094822878277,11.621174526202001
682,9.475479733720226,10.7957779240766
683,10.489374561227917,10.530600001381254
684,8.777872191108054,10.79439412225479
685,10.712998430172387,11.297470026637484
686,9.759674601841866,9.547946472711448
687,9.625179192450403,11.821475465430584
688,10.710959968203491,11.400916087037583
689,10.44426331148604,11.382088428398943
690,9.63903383418092,11.080733715271451
691,11.159329803364248,10.640217663259806
692,8.918936672400102,11.27179343886087
693,10.615935606944264,11.169066115304144
694,10.593101257968383,10.201520043964976
695,9.69045356068601,9.960257163570708
696,10.326133022242118,10.614003235255362
697,8.748886423614698,12.039445330918323
698,10.924027019206902,9.229586993228972
699,9.81509786355701,8.979428756924388
700,9.47727697948096,10.58996629651612
701,11.049009225836889,10.454336483184273
702,9.295656309457241,10.555026079984797
703,8.59153870363644,10.603865970984764
704,8.443370826476096,10.114932014156057
705,10.606009951345639,11.80621275656807
706,8.719570647503717,8.693654357455834
707,11.754794181984364,9.444264713355398
708,7.918070592116278,10.147705179979576
709,11.696456368290038,8.585964546409027
710,10.211017467202618,10.031488001750398
711,9.903286888129607,11.846997667540881
712,9.45508091319105,10.184595548652108
713,10.399136114352071,10.372588403500213
714,9.962365297575152,8.859898464945141
715,11.103301882016522,9.481875265405533
716,10.11422764866204,9.701211863563383
717,10.150301761461877,9.736863260848049
718,9.636387787786145,11.314391225787071
719,9.943054376278933,10.568606940356746
720,10.307801768892059,8.877626163431348
721,8.289831607343375,10.213757347648704
722,8.651814577894287,10.443643390892504
723,10.743264094022715,11.063740794633947
724,10.170865438127942,11.482304013123363
725,9.816016663647321,8.864842578054411
726,10.018433933065394,9.047254991008133
727,10.347581705361671,8.578713080729237
728,9.460240319690639,9.580452639080155
729,9.221695274597687,10.259015968263865
730,10.195845255097682,10.75818115902591
731,9.021627222384968,9.673089036228856
732,10.408252755714472,9.407390738609514
733,8.29741639576216,9.857199656316391
734,11.029155637325644,8.84850778040399
735,10.472597482413043,11.751404452903913
736,10.256029734313875,8.032426199805677
737,10.982690983945513,9.803056163281335
738,11.665474444462577,11.620157437901385
739,11.01437006501813,9.581594389280395
740,8.159125768668355,9.363006942321679
741,8.720423033264298,9.173860508306701
742,9.37518142230432,9.329183138814457
743,10.026091050210834,10.860701534683157
744,10.517659020469123,7.254279152202887
745,9.274256186846534,10.977872946390328
746,10.186766764477078,7.998790865987091
747,9.244617067646677,9.134415467871536
748,9.388482197008052,8.950154574135523
749,8.593338903151778,9.946295293308998
750,9.076766753889096,7.737972945425247
751,8.648315394383665,9.776637894485605
752,9.024126747022667,11.31715585252514
753,11.05364179660784,7.908066707386899
754,9.050601111168056,9.439355256148122
755,12.63238206483739,8.566089592760648
756,10.49331790088089,9.632396375603516
757,10.184836123694874,9.204109473604758
758,9.141642219818786,8.521942852651716
759,10.70030987940899,9.629786061309552
760,9.424362173762226,10.924762260405984
761,10.122009814645361,8.908027502401993
762,12.560084538268795,9.797223558688081
763,9.90394010027535,7.76274456922366
764,11.149273326285677,8.078151057884488
765,9.296823574874113,9.48558202580862
766,9.965011509503038,10.475898903522445
767,11.77080063563551,9.326022572518601
768,9.373032942212232,8.635997171133742
769,11.812448557996928,8.92701262129674
770,10.707751935455475,7.655999939145737
771,9.437533224105731,9.489630306081771
772,10.632407739055521,9.746176603975451
773,10.97255444962673,8.390503431599859
774,10.621809962217196,8.351323905437203
775,8.429775280109544,9.066039042302306
776,9.272862824175132,8.34225871103152
777,9.752481364448496,8.691686745678858
778,9.925566570899953,10.836405744913058
779,10.620672097550678,8.4685469355988
780,10.177701000933254,8.336145652566124
781,8.6646556412899,8.025882056860079
782,10.380197851005963,9.39657918311494
783,10.610585745283823,8.45015207979288
784,10.55979044793104,7.9610183489362845
785,11.080780725554622,9.910737046705258
786,10.833922154548905,9.988104538620199
787,10.459180079228437,7.947173779601222
788,9.929834288541352,6.660180895310685
789,8.339039066484009,9.513386125948646
790,10.429618219132585,7.8004226853767324
791,10.20768768716311,9.254887067841572
792,10.271578837195374,6.473395887407902
793,8.72325142417969,9.315364954582463
794,8.918943459591738,7.190893668146141
795,11.053152853332904,9.112158162302142
796,9.960444846143345,8.375026415649446
797,10.681500697372625,7.386204485277903
798,10.02831837613046,7.9125297938130705
799,10.029756139495746,8.985338803281921
800,10.938283805975997,8.384401468251404
801,9.483955271782627,8.842439484732425
802,10.096120776940984,10.214019788673541
803,9.537724711294958,6.652923892947821
804,9.565503772567684,9.813998369918782
805,9.69082787653136,8.280796401094866
806,10.222133771633713,7.257345850084558
807,9.521251378336522,6.80554086094077
808,11.255756125573521,7.926494224162139
809,9.105392697780497,9.017060780984119
810,9.813128355838641,7.947693913852492
811,9.560268941725825,9.566267025194144
812,11.446977884353732,6.5838425449553535
813,10.196554776511574,8.002872889654329
814,11.031844539468635,6.742549840389878
815,8.514439626963028,8.338594841194
816,10.267050265869258,8.841908629821278
817,10.889630795623438,7.514356714776218
818,10.082283989275425,5.31104128758792
819,11.065480375065352,8.094379672489424
820,9.482711549899628,8.31238658256226
821,11.40934744018558,8.260199791757106
822,12.29889812361925,9.071985111815806
823,9.63716143956034,6.745488376395844
824,9.554497478599227,8.477138925234518
825,11.453384477117702,8.96985309773045
826,11.579572145730712,5.97922314168413
827,9.477139972846732,8.057970439450216
828,9.579813182904143,7.214689789384252
829,9.718215391139493,7.617941443966662
830,8.655549488965724,8.027778957065207
831,9.081348053515802,7.173556494784344
832,8.995859233247932,6.965804162306831
833,9.232202434895871,7.6564368061633505
834,9.965315112613219,6.515855928235305
835,10.23421473253652,6.498139913566918
836,11.550500492814077,8.24424756253793
837,9.001645959261209,6.3970359072933585
838,10.984322398476584,8.193144895053909
839,9.78601115577449,7.970473289702222
840,9.950536290347568,5.763172383062008
841,10.674819492166604,6.79255944720608
842,8.877277978437702,8.645426722434387
843,10.38240974618405,6.451393598800558
844,10.166452208213055,6.9494456265174405
845,10.49245126400815,7.85725084599089
846,10.289168643907818,8.159970186711547
847,12.455300139910895,7.10648053165763
848,9.362260015748683,6.741999332718762
849,9.469003044998182,8.743420221143875
850,9.376859473575236,9.041541929529162
851,9.444522880839745,8.263143648001675
852,9.362612872693482,7.35129884644569
853,11.189016531107551,6.439462213056328
854,11.420504247989856,6.3990832311026455
855,9.429253706250524,7.733894265021475
856,9.167644426895771,7.6116840678576425
857,10.471415556386404,8.57684363721395
858,9.447776955719029,7.807708188135961
859,10.63293181775551,5.636245042127733
860,10.2029230208513,8.173394748742052
861,8.484255885002767,6.105563170528791
862,11.547505201330061,6.7018844122097665
863,11.795877673095521,7.318343334977166
864,9.387211309515614,9.046153959007599
865,9.612298440064016,10.14280459828669
866,10.285865390724904,7.622065242587373
867,10.334456789987025,6.814658608487005
868,10.658544272672831,7.514931155419803
869,12.010204538766349,7.850708780818721
870,9.823052772505951,6.625071476867667
871,9.201702755461547,8.723694435388218
872,8.620680771985473,7.141356374275968
873,9.269069960058081,7.391890126212409
874,9.966873027126203,7.542991924387183
875,11.794557863517788,7.281634456952719
876,9.482388700963828,7.682028384090718
877,10.223787951638899,6.208934920976498
878,9.983577103927248,6.251047086293895
879,11.188393273448083,5.692416169840033
880,12.526932425873621,7.215354345740442
881,9.469131227079679,7.538133799393069
882,9.510560557481778,7.200376128789502
883,11.044160877069071,8.400563765103449
884,10.681891489626311,6.7040057995885345
885,11.846707325736034,7.361936692206874
886,10.583928185325965,5.585150423002703
887,9.64070790921294,6.273471215119966
888,10.590654830692309,7.339891959923129
889,11.108703580582908,7.477303573346249
890,10.820482181197365,6.318146058619894
891,10.507274031107297,6.524489888269074
892,11.066674689589155,5.062256422946955
893,11.169295590445673,6.207207198237565
894,11.382158991037528,7.438791294911346
895,10.648709887589643,7.107850684542859
896,9.832881919683146,7.017615032071391
897,10.146713686433323,6.551093044585694
898,11.206508966508357,6.492819265193629
899,9.183064329012764,5.809938715412713
900,10.368673308872902,7.15365931800587
901,9.606661187672639,6.860442473859874
902,10.028744822934817,6.916194890745333
903,11.278451862607298,5.882915886552664
904,10.191099068019904,4.240450959273405
905,10.046436548156148,7.475858493245226
906,8.64014385902008,5.884849267907495
907,10.746253566027221,5.485961228713392
908,10.645484181141075,7.02733578494442
909,12.16325472330546,5.927034008508415
910,9.692221765047,7.3642429853518445
911,10.21915032766394,6.906642962259575
912,10.249383683710755,6.9586074854371125
913,11.577453279763475,4.894554617093459
914,9.904704467613048,7.457997773214926
915,10.27902152577034,6.4929193476884395
916,10.60789650971654,5.848078549175853
917,10.186609123156359,6.346503143953389
918,9.553566385449471,4.412710819628809
919,10.194089992898308,6.583502897775917
920,11.073631749859771,5.131455538473418
921,8.97348470058894,4.794206915113974
922,10.132969674146876,4.610641628937616
923,9.299879185060826,7.231886528793108
924,11.195046628924842,5.476206086355873
925,8.476813095216226,7.625542765546003
926,9.441078152728412,5.542433677815396
927,10.377211875064521,4.357372037071755
928,11.565524029234341,4.93477543454786
929,9.934249738927011,7.27375665641571
930,9.444800473306803,5.868767557075162
931,11.88115706944059,5.463174926985348
932,8.551986099583756,6.158352979379245
933,7.801194043379918,6.487066311606485
934,10.440014450053333,7.089707753936941
935,9.49794577564739,7.40791031856784
936,8.978767182869287,5.586821627469014
937,10.708356447299353,4.607799050131217
938,10.243800713771199,5.507715559372998
939,9.435921369263271,6.168872974167995
940,8.719695601329105,4.932323291264544
941,10.872457328280145,4.926499293779649
942,10.65020117795866,6.21508455975021
943,9.900824136220617,5.810369510002006
944,11.846636996047666,5.87962298822241
945,8.929915233673848,5.0762139697299355
946,8.47447482907526,5.592271313229245
947,9.308091930118756,4.886481247048574
948,9.954413983644502,6.689035035173056
949,10.243339449322692,6.822288286802918
950,9.75876394214367,3.929133738094416
951,10.352055396514297,4.834173932007545
952,8.748460575809556,4.255599494447495
953,11.443764604073259,5.090629758254755
954,9.917848821607432,5.645821870554118
955,11.117295831588127,4.268302190111638
956,10.342725346377705,4.784856803605221
957,10.456753219153784,4.691610303139465
958,10.569767280232204,5.89176812723529
959,10.447708560017315,5.742860532603268
960,10.642722759867544,4.940876524497473
961,11.329152530132431,5.828615524628063
962,10.19652116970147,5.094378041214214
963,10.709003757588512,5.35874959213931
964,9.910264305712774,7.293286675886667
965,11.440117215449472,6.949809028479711
966,9.32360769794073,4.299363838768963
967,11.800940432910815,6.418358498820497
968,9.959842049355657,6.389787743647176
969,8.569224897881952,4.419977306715222
970,10.128104414910789,6.376952137154317
971,9.318948342525118,7.086124993273507
972,10.840643548988725,4.415751723903945
973,9.34737602069761,4.610982226925319
974,9.55381656678522,6.53642028213431
975,8.11045926905447,5.78061332845859
976,9.547693680750923,6.051039114007587
977,7.576120673371044,5.830682677266428
978,8.416097176514278,5.871405985388651
979,10.760414656144297,4.1449407001354235
980,10.785800158650833,6.509519636697451
981,10.425457561784965,6.622667537382808
982,9.033023856870788,5.214649102972234
983,9.95228864385802,5.391612058821797
984,9.996397460909431,3.895117697833487
985,8.841635310807458,5.931703347307509
986,11.50339830176715,5.980816790377495
987,10.877362290575672,5.337966621171591
988,9.779035826170336,6.515996983674684
989,10.02688583899453,5.049140236903176
990,10.208382807947553,5.939485256946211
991,7.958265131575709,4.346965033587363
992,9.752822617479403,5.334915597975184
993,9.318015752002202,5.176040358461185
994,8.998379990105084,5.567718050778718
995,9.718899707114046,4.964987509361819
996,11.797686526849523,5.195235099596116
997,10.64084286126701,6.145037220232882
998,9.428821010217202,4.874597408664881
999,10.572582781356159,3.6972455312999974
1000,11.399355436586003,7.045957055135039
1001,10.924633682912768,6.670467423290985
1002,10.059630369920175,3.9894806582606135
1003,9.353063222294427,5.964271121074602
1004,10.69822331361359,4.764498598326306
1005,10.39348538542175,5.523960863012053
1006,10.895193220027732,5.54778841470282
1007,10.63517180168197,5.012337614313512
1008,11.049552715319335,4.456251498918086
1009,9.464764788439432,4.542838611271296
1010,11.317394065634325,4.310641122941954
1011,10.1975996046924,4.388555205592555
1012,12.075260872625265,5.146834622814278
1013,9.310812181910432,4.4919796677737365
1014,11.73596380316525,5.883609831197991
1015,10.197910783462648,6.682713511860142
1016,9.348581996385551,4.6094153047447985
1017,9.516114165945678,5.422965949160119
1018,9.67965269180568,5.677431286975832
1019,10.424165946401917,5.6440251120469105
1020,10.522835488035499,5.2423468190205975
1021,9.42629999606142,5.903534832323949
1022,9.975645407739018,5.637654487991248
1023,12.142270358611864,3.912388596661204
1024,11.727543170100711,6.013945031471236
1025,10.436323669674032,6.026910317178889
1026,10.0380034781682,4.371256551856892
1027,10.12003132671826,5.1674964276893345
1028,10.613517972730417,5.807996376363313
1029,8.977207434801594,4.910555303638678
1030,9.742623462576654,6.188141950484103
1031,8.33141592612241,7.474424306376921
1032,10.39922312260528,4.320046905631111
1033,10.64719593970274,3.7205627652423665
1034,9.516813537700626,5.401093782126196
1035,11.573986763290034,5.814598980360946
1036,8.774234336997658,4.858024941502968
1037,8.53562511979018,6.538100449208752
1038,10.224451818559972,3.7422761643740188
1039,11.047098302612154,5.769936548463984
1040,11.68392769145787,4.467386922802146
1041,9.54111573713106,6.78894939656919
1042,11.078680833431296,7.058504589090925
1043,9.961491530499293,4.295844460756213
1044,9.82737270005918,4.509549858805969
1045,10.883659937486673,5.915395026135307
1046,10.65232287841342,4.665470894984753
1047,8.42360784301575,5.004079054753348
1048,11.476540349725896,5.0718618027483595
1049,11.380091354147451,3.1238777746548063
1050,9.37443729849047,5.026885228247506
1051,10.395803533437409,4.348261792524689
1052,10.494030186282739,4.5422279373065475
1053,10.260673765823906,6.476438607471854
1054,9.44969484615458,3.7738502537041687
1055,9.328376632061948,5.841207625094402
1056,9.974445929008555,4.746779589652836
1057,11.172729019259364,4.743817267487659
1058,10.543600154594433,5.811879123672069
1059,9.629385667913894,5.359583228932711
1060,10.771698710648344,5.588264591092435
1061,7.1514573793699245,5.984050902529214
1062,11.148765700372103,4.682867529588629
1063,8.2602862212219,4.400343903918124
1064,9.637559058596867,3.9259299228142748
1065,8.880330105373856,4.184264844232738
1066,8.705318524279095,7.95745986504126
1067,11.16082678737852,6.2518302516453215
1068,9.532298798688108,3.654956724691274
1069,10.346503881730715,3.682548764306072
1070,9.953079421120815,5.485943642607707
1071,10.47704082722312,5.550508485510065
1072,10.076821891060256,5.551388893993844
1073,8.71700777581143,4.746905913050653
1074,10.99626681944714,4.875859384178338
1075,9.506243416838688,5.328740406015326
1076,8.44341810134025,5.086396434553798
1077,9.571884839034087,2.7809409174620625
1078,11.50075979063431,4.7702748421258345
1079,10.850221742113494,4.1485965446548265
1080,9.651347865592141,5.175238229123477
1081,9.650742295681571,7.985404968749568
1082,9.678364948782617,5.3678421099113125
1083,12.076747983560841,4.687140554826081
1084,10.381935452231554,5.9228768519015444
1085,10.43004164719107,5.484263650700248
1086,11.030283454031842,5.422265962610148
1087,10.238789159026513,5.609713057784577
1088,9.740957854179296,7.060192292378584
1089,9.803650150915022,3.873641810782673
1090,9.928398740585935,5.479139080252825
1091,9.962777763490159,4.080197850943941
1092,10.72762954363698,5.563258804465884
1093,10.0519458858073,4.090322001297477
1094,10.73264007721558,4.592999207233377
1095,9.919283419891418,4.716728742169466
1096,10.07863519031609,5.989183111140479
1097,8.001799315467892,5.933463641438444
1098,10.916327674702481,3.7710296657416347
1099,10.346488475897992,5.073514003739525
1100,10.998010109859653,4.310927859458483
1101,7.10374462180631,3.7640255591626497
1102,12.088374704780728,4.8076310706423975
1103,9.860410371844827,4.718377839065109
1104,11.108182816737516,7.455884433364487
1105,8.960094072874469,5.464529860932461
1106,10.61277390506257,3.6564493466292047
1107,8.946584436826344,4.471884330681267
1108,9.376231039304194,6.0607277440006815
1109,11.914031353866786,7.130567910199755
1110,9.809317599236653,3.4590170358759784
1111,10.217432873179723,3.168045640968586
1112,10.870067730688755,6.921999290065698
1113,10.495681887972605,5.443806732826759
1114,10.150418905143576,4.18915255630132
1115,10.364961002466226,5.595421336968401
1116,12.403415585238275,2.428485640633878
1117,9.942381202966414,5.071144115583999
1118,10.201099046714967,5.399219044298049
1119,11.050654396007612,5.999391237400971
1120,11.105525932957985,4.065042264935415
1121,11.18703030556038,5.168536318179268
1122,10.638730222029185,4.161429215885246
1123,8.856995087269517,5.3463359520596105
1124,11.633431532301096,4.199797819599017
1125,8.853654606981312,4.691328759595298
1126,10.302635465239034,4.107993090273136
1127,9.245724149980642,5.75941695922565
1128,9.935861653407008,5.971297327164827
1129,10.328762410303481,4.882884307383202
1130,10.321357215450274,5.16049462404177
1131,10.421920754235284,3.6785099605057106
1132,11.613711269058648,4.832362375141146
1133,10.45353430151398,5.086864861929634
1134,9.755843364709351,7.76298573773378
1135,10.964087168288357,4.035441402897712
1136,11.189470488924641,6.6168939641889954
1137,8.772392184863008,6.154976209260831
1138,10.597400069849858,5.44424686127271
1139,10.701172742310899,6.927816167869742
1140,9.702436496640008,5.546978482595481
1141,11.37570681331162,5.56980152315414
1142,9.849944412967472,5.133382873157645
1143,10.125576453471542,6.416025376730259
1144,9.82692817571613,6.294970352212913
1145,10.015579047581468,4.578959995709242
1146,8.903724913104798,3.8916176771369795
1147,8.559949117405706,5.0142031278680985
1148,11.594505063224972,4.423555278921948
1149,9.153038651681673,5.16657040907959
1150,9.008607650543693,6.474125197129517
1151,7.846609886396285,4.786068298805935
1152,9.361038252310498,5.207320149315898
1153,8.676910206592503,5.315030398319577
1154,11.642015160136369,6.112393103884253
1155,11.009817089342635,3.024117738557375
1156,9.311849654822277,4.67144178702464
1157,12.252435805344309,5.496650805673156
1158,10.981765486991595,6.492760986034643
1159,9.675168616491378,4.808184243466948
1160,7.500594285126427,3.431028250277837
1161,12.290942572590742,5.934876128735214
1162,8.610427533236404,4.6874753369116595
1163,8.354601253043109,4.140933279847204
1164,11.02257043200964,4.714105784669864
1165,12.439752406339274,5.16186592473398
1166,11.384272818510517,4.749675447041194
1167,10.56390912005236,3.15697145178289
1168,10.594754341665286,6.267809516426213
1169,10.853415558780307,6.653912428385475
1170,10.758928589786764,6.038941544797846
1171,10.281191423969375,4.258203988362792
1172,10.104201103951876,5.202956007664232
1173,9.937406872100478,5.406571723545034
1174,9.246035411133324,6.020620375011091
1175,9.719324923133225,6.098986703860021
1176,8.307043185804615,4.705379760916344
1177,9.90166037320525,5.5305434057026615
1178,9.011408892849083,5.91490931706358
1179,8.896410682784229,6.922618898188587
1180,10.179894151153478,6.180557205112507
1181,11.3920022863446,6.27444769113227
1182,10.918316606002312,5.578644041304262
1183,8.429499396376823,6.914788859630974
1184,9.010371863429663,5.92369052152166
1185,10.940771187988215,4.662523353619058
1186,9.01751260646169,6.93675011462712
1187,9.775366850002975,6.241137453985108
1188,10.550052099024551,5.110129165629104
1189,9.031655545136365,5.083704003549781
1190,10.10537550614596,5.869880888057427
1191,8.665974505081795,6.046682905211693
1192,9.398632356048786,5.79106734333717
1193,10.319781934142537,5.915444723714428
1194,8.407006266468331,7.31453820468499
1195,10.440474737960399,6.6966523703220275
1196,9.98036220107332,5.826356604748142
1197,10.552489954417148,6.587726594749845
1198,10.223914134064662,4.6246701121568385
1199,11.364140429973844,6.0659818630530715
1200,10.125224502647907,7.488304548919712
1201,9.570594458874748,5.471978069897049
1202,10.122297503032284,4.853497972589103
1203,10.543298029036388,5.060232906576716
1204,10.048860070325704,4.633960396496159
1205,10.040591691203883,4.950184694192679
1206,9.298008312193245,5.375872985576772
1207,9.337099082449052,4.352329642200444
1208,8.597394728200307,5.785111448362027
1209,11.749576743186939,6.683447395966759
1210,8.756136764608716,4.885171581910832
1211,9.307094802204093,7.3240494335292885
1212,9.281592734430802,6.327475328510003
1213,10.894924376944441,6.859261310754611
1214,9.705050321707972,5.1829231827474285
1215,11.247742072673734,6.707439271207484
1216,9.326509375756132,4.773215515598806
1217,10.278994162223801,6.76771111972811
1218,9.164652946740242,6.061695757856216
1219,12.145149127773388,6.455578797223088
1220,8.812401580970487,4.739282253030596
1221,10.309820710227028,5.032434180785111
1222,10.633776880932098,6.537437047973235
1223,10.413799097451498,5.0046430321881585
1224,9.814712341122291,6.429056691545226
1225,9.870179300266575,4.61164886719671
1226,10.04381147197911,6.839973825081156
1227,9.852997998371512,4.772365652858134
1228,10.96387911679491,6.570354427424023
1229,12.210523001591351,6.656926861413
1230,9.442508214992166,5.347841210816171
1231,8.630197020420923,6.640032107374552
1232,9.911717951648745,6.331915468904183
1233,12.579709337654318,5.546173912133997
1234,9.19632543203027,5.0900782862925915
1235,11.639116805444068,4.149698860411901
1236,11.677700814076442,6.47574029974307
1237,9.446411758292005,4.575127037639964
1238,10.568983079185275,6.24918715735018
1239,11.628396623128538,5.9043812178271
1240,9.620872259012513,6.861031745789089
1241,9.796419639897639,5.8939757996981745
1242,9.418319086051357,5.880778364640437
1243,8.985243269307134,6.956373959221763
1244,9.350722454933994,6.573910367916569
1245,8.776059733237744,6.569429086301576
1246,10.034083468259226,6.737032940668245
1247,9.230026768941357,4.746756604553496
1248,10.233785911790747,7.05375166215723
1249,8.444104353796373,6.924136629099779
1250,10.330880232214458,5.309759877583457
1251,10.833528961608925,6.097207740028316
1252,8.006264357428545,6.316895887061936
1253,10.374056569847571,6.236690820365209
1254,11.227668992473292,6.72010118482459
1255,8.790358981308795,7.832730509990524
1256,11.672572386837704,7.49832157383854
1257,10.419019009366044,5.119595089224669
1258,9.294988144241591,7.069211737014884
1259,9.944230922342294,7.791470265640867
1260,10.558326912521723,6.864808108025225
1261,10.076005391412412,7.584509800790801
1262,10.538755992446369,8.521396460536806
1263,9.079326406920634,7.548498753786247
1264,10.169360824036078,6.789827251157027
1265,8.58628550309502,7.601402532546513
1266,9.8887739386513,6.717062948475734
1267,9.096092358535211,6.612004567160008
1268,9.264470057410234,6.2526787445992165
1269,11.236093175210437,8.183562538647074
1270,11.091310120594269,5.817841150327194
1271,10.609138120907177,8.184822307013368
1272,8.90768723532742,7.168567293190476
1273,9.683591550305199,5.2857090930320325
1274,11.213097699979183,7.069039859487667
1275,10.141716913639904,4.617802245589756
1276,12.319329539981695,7.3598375315059155
1277,10.393317839394372,7.63612401919825
1278,10.19204911649003,6.175161546417981
1279,9.690883535797498,6.90775179125735
1280,10.133540904782283,8.755109431524358
1281,9.847530163619457,6.312014185925784
1282,10.70810867668859,5.77572286502409
1283,10.956702316794583,8.33322376429691
1284,9.214010539492051,8.831137487210164
1285,8.668767046442222,6.889295604550114
1286,8.163794626896703,7.91417198025957
1287,10.507991326912544,8.26135292247328
1288,8.896633393826127,6.194619559127856
1289,7.847109407047517,6.469083135225716
1290,10.388578604530965,8.202606727336747
1291,12.492999517432791,8.674147470490594
1292,9.993929088460106,7.569472431818019
1293,10.838490774451643,6.1442926674201965
1294,10.081829358547566,9.028740317384736
1295,9.901110346808858,6.528336893106639
1296,10.91907648298777,6.7418546593612385
1297,9.709725455811348,7.437070651858825
1298,10.267392314071904,8.666689003922135
1299,10.321697806196013,7.984355375322595
1300,9.33190954635695,7.5631504240938465
1301,10.992042349536522,7.62953334684081
1302,9.825040243304592,7.227773403980274
1303,9.244254840507155,7.760465850656883
1304,10.536509843570403,4.690887196973776
1305,9.101532018208962,6.9420137463799145
1306,10.028181157369128,7.498169716913546
1307,9.990881003355797,6.1241125731995325
1308,11.085895565831578,7.679780799240823
1309,10.474698232879954,7.1073686853636175
1310,9.974973041254856,9.085749279434511
1311,10.817766299200287,8.92177787951342
1312,11.390207549017314,6.9014877043613
1313,10.557810306351863,7.235040873722439
1314,10.010352619843381,7.330566169789694
1315,8.68816376764984,6.9715388923670245
1316,8.934886336924627,7.636957112479878
1317,9.694775295645332,6.702432589126146
1318,9.390487797840716,6.34893026418561
1319,9.813028697014554,8.121135816667795
1320,10.056649924897107,8.146880863240167
1321,10.52969275435673,6.732009537377811
1322,9.929501221940908,8.450701715848284
1323,10.486501643826202,6.942836151360981
1324,10.064474414810121,7.846692957873426
1325,8.024533433646129,8.433031451219636
1326,9.060664606181245,7.598280106857231
1327,9.855912444278385,8.105883964689554
1328,8.790305257158892,7.154008570672966
1329,10.599928729996204,7.493311206306397
1330,11.530750832343697,7.503301978480389
1331,11.218761851697316,6.982010357349752
1332,9.786557129069791,7.571285139824568
1333,11.490726136849952,6.218954536440532
1334,10.148667457202112,7.2959751818136285
1335,9.66291402888196,7.52185171768755
1336,9.38659733645906,7.570187555471565
1337,9.697530313511871,7.6045513993751115
1338,9.611823181458771,7.804007247804866
1339,10.170416222375488,8.364976257298341
1340,10.160573981049865,8.77985541723254
1341,10.003046020153414,7.275416654923683
1342,10.43693816974635,6.741864121521293
1343,11.190646274786342,6.92294283720061
1344,10.949554135441323,7.497745398358149
1345,8.515102031550096,7.653026488863648
1346,7.446078865098045,7.254989263336709
1347,10.934319911239275,6.74894384184926
1348,8.633121301584579,7.609052126167129
1349,9.775234598107316,8.26674890883023
1350,8.82988697394064,8.700537593011905
1351,8.19801956241998,7.568307031069651
1352,10.541462728204788,7.732989952045529
1353,10.759155160302647,7.239582502148577
1354,9.42348959927328,8.15516963733663
1355,7.40895770785509,7.35854274259088
1356,9.453755551747518,8.800495943234989
1357,10.391804005402546,6.461932186548891
1358,8.521088431225872,7.908632960287892
1359,10.183359919779155,8.589866941811707
1360,9.984690150827005,8.493123713669032
1361,10.579291499601089,11.022884689503224
1362,10.119580368414153,8.700244719704637
1363,9.026931059118445,7.367015216727623
1364,11.196571501664492,8.296261740513891
1365,9.84147042697303,6.636166489959733
1366,9.972695460490067,8.352530177347406
1367,9.066732040926803,7.620820845284003
1368,9.55671774880849,9.39004363036644
1369,9.1151972859731,7.945918613509524
1370,9.827053940076578,8.399527189727774
1371,11.711708480142343,7.901597768450805
1372,8.628098857068643,10.296897355210724
1373,8.38643860212326,8.257721121635704
1374,11.471170327493608,10.432465907723026
1375,9.790676322848133,9.435032295629705
1376,9.330927261340083,9.123945223066372
1377,11.039904687396076,9.031635497893241
1378,9.394384460263137,9.077748995441501
1379,11.826009713546936,6.777353555027575
1380,10.67792587133927,8.447241866084017
1381,9.512088591854297,9.5924066437389
1382,12.157308213265503,8.719498785140049
1383,9.394285076996661,7.384376898436107
1384,10.742095372009308,8.758356148232247
1385,10.299292580406492,10.536082641518318
1386,11.301741289398798,10.100107635640054
1387,11.561511196726853,8.81247256905298
1388,10.032004149065767,9.847207971926883
1389,9.246582129653817,8.550554843342487
1390,10.459972142939117,7.234514091971993
1391,9.322284630247895,8.035263745464624
1392,12.013387247526623,10.54398238968012
1393,10.136535331082737,8.728483852399512
1394,9.634678448687891,8.780495285716375
1395,10.184680305864909,8.745462009448717
1396,8.652873710470303,10.9708759373076
1397,9.028385961489349,10.714155197748582
1398,11.200413907944425,11.328450834050448
1399,9.343105721028603,8.972116682573432
1400,8.95308901731806,9.448294238515016
1401,10.536652752527287,7.657551211516944
1402,11.185704154662997,10.672667942245303
1403,10.718953310665066,8.049509053411827
1404,10.996047685805816,9.455634179410186
1405,9.243204911430539,8.163140610164689
1406,8.578189333258155,8.693174932881474
1407,11.501333651955488,8.466391638287417
1408,9.677320161157864,8.717404394233267
1409,9.749166983544953,8.80779540089468
1410,11.328194141849059,8.820300209278116
1411,10.55623000940066,10.22356585439297
1412,10.455887772081608,8.307043713205
1413,12.165002344901083,9.654133708955465
1414,9.356481769619856,10.67324800850052
1415,10.927840128081238,8.963799450868416
1416,10.057013124897084,8.780793854910748
1417,10.268592278863258,9.28991460781042
1418,11.528468426412532,10.721900071523399
1419,10.507835756289623,9.758026852737343
1420,10.538296079049633,9.054457599690153
1421,11.072507337309801,10.091309117176696
1422,9.635047270457115,8.526908372154368
1423,9.160790332660994,10.332335157738491
1424,8.955190805978967,10.081364734461289
1425,8.033643410623998,9.386736973973605
1426,12.056207129940322,8.877753488518017
1427,8.896791634278317,8.851457614534134
1428,9.778746376414228,10.2947601154121
1429,9.723186700111079,11.010732100501608
1430,10.307406697809101,9.166256830842116
1431,10.815737212539297,10.283768006327676
1432,10.860473488359744,7.760174338189849
1433,9.416922561431061,9.284406593260924
1434,9.832878286213589,9.859790855228432
1435,10.2825799504883,9.002993916250611
1436,9.751308873816454,8.998000168385087
1437,11.607345576019993,9.28855744528266
1438,10.49097495163825,10.270361021091082
1439,10.734877786049818,9.812670981593623
